{
 "sensor.other.lane_invasion": {
  "width": -Infinity,
  "length": -Infinity
 },
 "vehicle.bmw.grandtourer": {
  "width": 2.241713285446167,
  "length": 4.611005783081055
 },
 "static.prop.haybalelb": {
  "width": 1.2547167539596558,
  "length": 1.185976505279541
 },
 "vehicle.jeep.wrangler_rubicon": {
  "width": 1.9051965475082397,
  "length": 3.866220712661743
 },
 "vehicle.yamaha.yzf": {
  "width": 0.0,
  "length": 0.0
 },
 "static.prop.barbeque": {
  "width": 0.5002734065055847,
  "length": 0.9449023008346558
 },
 "static.prop.plasticchair": {
  "width": 0.7371484041213989,
  "length": 0.7439062595367432
 },
 "vehicle.nissan.patrol": {
  "width": 1.9315929412841797,
  "length": 4.6045098304748535
 },
 "vehicle.seat.leon": {
  "width": 1.8161858320236206,
  "length": 4.1928300857543945
 },
 "vehicle.harley-davidson.low_rider": {
  "width": 0.0,
  "length": 0.0
 },
 "vehicle.kawasaki.ninja": {
  "width": 0.0,
  "length": 0.0
 },
 "vehicle.bh.crossbike": {
  "width": 0.0,
  "length": 0.0
 },
 "vehicle.tesla.cybertruck": {
  "width": 2.3895740509033203,
  "length": 6.273553371429443
 },
 "static.prop.plantpot08": {
  "width": 0.5335351228713989,
  "length": 0.527294933795929
 },
 "vehicle.volkswagen.t2": {
  "width": 2.069315195083618,
  "length": 4.4804368019104
 },
 "vehicle.lincoln.mkz_2017": {
  "width": 2.128324270248413,
  "length": 4.901683330535889
 },
 "walker.pedestrian.0044": {
  "width": 0.3753577768802643,
  "length": 0.3753577768802643
 },
 "static.prop.haybale": {
  "width": 1.2480419874191284,
  "length": 1.1930078268051147
 },
 "static.prop.mailbox": {
  "width": 0.5264550447463989,
  "length": 0.4386328160762787
 },
 "static.prop.mesh": {
  "width": -Infinity,
  "length": -Infinity
 },
 "static.prop.shoppingbag": {
  "width": 0.474365234375,
  "length": 0.24348144233226776
 },
 "static.prop.bench03": {
  "width": 0.5087951421737671,
  "length": 1.5847387313842773
 },
 "static.prop.bin": {
  "width": 0.6368221640586853,
  "length": 0.549755871295929
 },
 "static.prop.container": {
  "width": 1.93142569065094,
  "length": 1.013208031654358
 },
 "static.prop.fountain": {
  "width": 8.398456573486328,
  "length": 8.405174255371094
 },
 "static.prop.garbage03": {
  "width": 0.05900390446186066,
  "length": 0.060087889432907104
 },
 "walker.pedestrian.0019": {
  "width": 0.3753577768802643,
  "length": 0.3753577768802643
 },
 "static.prop.busstoplb": {
  "width": 1.9281249046325684,
  "length": 3.859023332595825
 },
 "controller.ai.walker": {
  "width": -Infinity,
  "length": -Infinity
 },
 "vehicle.nissan.patrol_2021": {
  "width": 2.1499669551849365,
  "length": 5.565828800201416
 },
 "walker.pedestrian.0027": {
  "width": 0.3753577768802643,
  "length": 0.3753577768802643
 },
 "static.prop.plantpot02": {
  "width": 1.051308512687683,
  "length": 0.4304296672344208
 },
 "walker.pedestrian.0041": {
  "width": 0.3753577768802643,
  "length": 0.3753577768802643
 },
 "static.prop.brokentile02": {
  "width": 0.209716796875,
  "length": 0.1522265523672104
 },
 "walker.pedestrian.0003": {
  "width": 0.3753577768802643,
  "length": 0.3753577768802643
 },
 "static.prop.brokentile04": {
  "width": 0.1297656148672104,
  "length": 0.12644530832767487
 },
 "vehicle.diamondback.century": {
  "width": 0.0,
  "length": 0.0
 },
 "static.prop.clothesline": {
  "width": 6.652636528015137,
  "length": 1.1161718368530273
 },
 "walker.pedestrian.0040": {
  "width": 0.3753577768802643,
  "length": 0.3753577768802643
 },
 "walker.pedestrian.0043": {
  "width": 0.3753577768802643,
  "length": 0.3753577768802643
 },
 "static.prop.chainbarrier": {
  "width": 1.4942578077316284,
  "length": 0.2381640523672104
 },
 "static.prop.trashcan05": {
  "width": 0.784863293170929,
  "length": 0.5856054425239563
 },
 "walker.pedestrian.0005": {
  "width": 0.3753577768802643,
  "length": 0.3753577768802643
 },
 "walker.pedestrian.0035": {
  "width": 0.3753577768802643,
  "length": 0.3753577768802643
 },
 "static.prop.plasticbag": {
  "width": 0.30831053853034973,
  "length": 0.404609352350235
 },
 "static.prop.trashcan04": {
  "width": 0.7884960770606995,
  "length": 0.5807128548622131
 },
 "static.prop.box02": {
  "width": 0.6483007669448853,
  "length": 0.6488280892372131
 },
 "static.prop.streetsign04": {
  "width": 1.1707617044448853,
  "length": 0.1253076195716858
 },
 "static.prop.slide": {
  "width": 4.127070426940918,
  "length": 0.9223339557647705
 },
 "static.prop.swingcouch": {
  "width": 2.3691797256469727,
  "length": 1.3455272912979126
 },
 "walker.pedestrian.0008": {
  "width": 0.3753577768802643,
  "length": 0.3753577768802643
 },
 "static.prop.bike helmet": {
  "width": 0.27659469842910767,
  "length": 0.1862231343984604
 },
 "walker.pedestrian.0042": {
  "width": 0.3753577768802643,
  "length": 0.3753577768802643
 },
 "static.prop.shoppingtrolley": {
  "width": 0.5033007860183716,
  "length": 0.3345703184604645
 },
 "static.prop.foodcart": {
  "width": 2.252763509750366,
  "length": 4.653984069824219
 },
 "static.prop.shoppingcart": {
  "width": 0.6610937118530273,
  "length": 1.2121093273162842
 },
 "walker.pedestrian.0022": {
  "width": 0.3753577768802643,
  "length": 0.3753577768802643
 },
 "vehicle.vespa.zx125": {
  "width": 0.0,
  "length": 0.0
 },
 "static.prop.streetfountain": {
  "width": 0.6695812940597534,
  "length": 0.28857421875
 },
 "vehicle.carlamotors.carlacola": {
  "width": 2.6269896030426025,
  "length": 5.203838348388672
 },
 "sensor.other.rss": {
  "width": -Infinity,
  "length": -Infinity
 },
 "static.prop.streetsign": {
  "width": 0.12264709174633026,
  "length": 1.0646483898162842
 },
 "static.prop.glasscontainer": {
  "width": 2.0040271282196045,
  "length": 1.9596874713897705
 },
 "walker.pedestrian.0046": {
  "width": 0.3753577768802643,
  "length": 0.3753577768802643
 },
 "static.prop.trampoline": {
  "width": 4.121512413024902,
  "length": 4.14163064956665
 },
 "vehicle.gazelle.omafiets": {
  "width": 0.0,
  "length": 0.0
 },
 "static.prop.trafficcone01": {
  "width": 0.8800365924835205,
  "length": 0.8849608898162842
 },
 "static.prop.swing": {
  "width": 1.5815234184265137,
  "length": 4.103417873382568
 },
 "walker.pedestrian.0030": {
  "width": 0.3753577768802643,
  "length": 0.3753577768802643
 },
 "static.prop.garbage05": {
  "width": 0.2327929586172104,
  "length": 0.23162108659744263
 },
 "walker.pedestrian.0001": {
  "width": 0.3753577768802643,
  "length": 0.3753577768802643
 },
 "walker.pedestrian.0038": {
  "width": 0.3753577768802643,
  "length": 0.3753577768802643
 },
 "walker.pedestrian.0032": {
  "width": 0.3753577768802643,
  "length": 0.3753577768802643
 },
 "vehicle.nissan.micra": {
  "width": 1.845113754272461,
  "length": 3.633375883102417
 },
 "walker.pedestrian.0025": {
  "width": 0.3753577768802643,
  "length": 0.3753577768802643
 },
 "static.prop.trafficwarning": {
  "width": 2.295839786529541,
  "length": 2.9330174922943115
 },
 "walker.pedestrian.0047": {
  "width": 0.3753577768802643,
  "length": 0.3753577768802643
 },
 "static.prop.calibrator": {
  "width": 1.52859365940094,
  "length": 0.7313330173492432
 },
 "static.prop.bench01": {
  "width": 1.523828148841858,
  "length": 0.77687007188797
 },
 "static.prop.warningaccident": {
  "width": 1.2763476371765137,
  "length": 1.089565396308899
 },
 "static.prop.wateringcan": {
  "width": 0.06513671576976776,
  "length": 0.19584961235523224
 },
 "static.prop.motorhelmet": {
  "width": 0.1934179663658142,
  "length": 0.26454100012779236
 },
 "static.prop.doghouse": {
  "width": 1.0447264909744263,
  "length": 1.300502896308899
 },
 "static.prop.kiosk_01": {
  "width": 1.6501061916351318,
  "length": 1.629270076751709
 },
 "static.prop.trashbag": {
  "width": 0.4286383092403412,
  "length": 0.3790150284767151
 },
 "walker.pedestrian.0049": {
  "width": 0.5,
  "length": 0.5
 },
 "static.prop.dirtdebris01": {
  "width": 1.5094066858291626,
  "length": 1.861116647720337
 },
 "walker.pedestrian.0013": {
  "width": 0.3753577768802643,