{
 "vehicle.nissan.micra": {
  "length": 3.633375883102417,
  "width": 1.845113754272461
 },
 "vehicle.audi.a2": {
  "length": 3.705369472503662,
  "width": 1.788678526878357
 },
 "vehicle.mini.cooper_s": {
  "length": 3.805800199508667,
  "width": 1.970275640487671
 },
 "vehicle.jeep.wrangler_rubicon": {
  "length": 3.866220712661743,
  "width": 1.9051965475082397
 },
 "vehicle.citroen.c3": {
  "length": 3.987684965133667,
  "width": 1.8508483171463013
 },
 "vehicle.audi.tt": {
  "length": 4.181210041046143,
  "width": 1.9941171407699585
 },
 "vehicle.seat.leon": {
  "length": 4.1928300857543945,
  "width": 1.8161858320236206
 },
 "vehicle.volkswagen.t2_2021": {
  "length": 4.442183971405029,
  "width": 1.77456533908844
 },
 "vehicle.volkswagen.t2": {
  "length": 4.4804368019104,
  "width": 2.069315195083618
 },
 "vehicle.toyota.prius": {
  "length": 4.513522624969482,
  "width": 2.006814479827881
 },
 "vehicle.mini.cooper_s_2021": {
  "length": 4.552699089050293,
  "width": 2.097072124481201
 },
 "vehicle.nissan.patrol": {
  "length": 4.6045098304748535,
  "width": 1.9315929412841797
 },
 "vehicle.bmw.grandtourer": {
  "length": 4.611005783081055,
  "width": 2.241713285446167
 },
 "vehicle.mercedes.coupe_2020": {
  "length": 4.673638820648193,
  "width": 1.8118125200271606
 },
 "vehicle.ford.mustang": {
  "length": 4.717525005340576,
  "width": 1.894826889038086
 },
 "vehicle.tesla.model3": {
  "length": 4.791779518127441,
  "width": 2.163450002670288
 },
 "vehicle.audi.etron": {
  "length": 4.855708599090576,
  "width": 2.0327565670013428
 },
 "vehicle.lincoln.mkz_2020": {
  "length": 4.89238166809082,
  "width": 1.8367133140563965
 },
 "vehicle.lincoln.mkz_2017": {
  "length": 4.901683330535889,
  "width": 2.128324270248413
 },
 "vehicle.dodge.charger_police": {
  "length": 4.974244117736816,
  "width": 2.0384011268615723
 },
 "vehicle.dodge.charger_2020": {
  "length": 5.0078253746032715,
  "width": 1.8816219568252563
 },
 "vehicle.mercedes.coupe": {
  "length": 5.0267767906188965,
  "width": 2.1515462398529053
 },
 "vehicle.carlamotors.carlacola": {
  "length": 5.203838348388672,
  "width": 2.6269896030426025
 },
 "vehicle.dodge.charger_police_2020": {
  "length": 5.237514495849609,
  "width": 1.9297595024108887
 },
 "vehicle.chevrolet.impala": {
  "length": 5.357479572296143,
  "width": 2.033202886581421
 },
 "vehicle.ford.crown": {
  "length": 5.365678787231445,
  "width": 1.8007241487503052
 },
 "vehicle.nissan.patrol_2021": {
  "length": 5.565828800201416,
  "width": 2.1499669551849365
 },
 "vehicle.mercedes.sprinter": {
  "length": 5.91519021987915,
  "width": 1.9884328842163086
 },
 "vehicle.tesla.cybertruck": {
  "length": 6.273553371429443,
  "width": 2.3895740509033203
 },
 "vehicle.ford.ambulance": {
  "length": 6.36564302444458,
  "width": 2.3511743545532227
 },
 "vehicle.carlamotors.firetruck": {
  "length": 8.46804141998291,
  "width": 2.8910882472991943
 },
 "vehicle.mitsubishi.fusorosa": {
  "length": 10.272685050964355,
  "width": 3.9441518783569336
 }
}